solo,duo,seed,dt,score_for_solo,final_tick
v0_expansion,v1_knapsack,1000,16,1.0,4000
v1_knapsack,v0_expansion,1001,16,0.0,4000
v0_expansion,v1_knapsack,1002,16,1.0,4000
v1_knapsack,v0_expansion,1003,16,0.0,1439
v0_expansion,v1_knapsack_hybrid,1004,16,1.0,4000
v1_knapsack_hybrid,v0_expansion,1005,16,0.0,4000
v0_expansion,v1_knapsack_hybrid,1006,16,1.0,4000
v1_knapsack_hybrid,v0_expansion,1007,16,0.0,4000
v0_expansion,v4,1008,16,0.0,796
v4,v0_expansion,1009,16,0.0,787
v0_expansion,v4,1010,16,1.0,827
v4,v0_expansion,1011,16,0.0,4000
v0_expansion,v5_qubo,1012,16,1.0,763
v5_qubo,v0_expansion,1013,16,0.0,858
v0_expansion,v5_qubo,1014,16,0.0,856
v5_qubo,v0_expansion,1015,16,0.0,904
v0_expansion,v5_qubo_composite,1016,16,1.0,719
v5_qubo_composite,v0_expansion,1017,16,0.0,841
v0_expansion,v5_qubo_composite,1018,16,1.0,707
v5_qubo_composite,v0_expansion,1019,16,0.0,1061
v0_expansion,v6,1020,16,0.0,1256
v6,v0_expansion,1021,16,0.0,918
v0_expansion,v6,1022,16,0.0,1148
v6,v0_expansion,1023,16,0.0,1378
v0_expansion,v7,1024,16,1.0,1161
v7,v0_expansion,1025,16,0.0,800
v0_expansion,v7,1026,16,1.0,988
v7,v0_expansion,1027,16,0.0,1110
v0_expansion,v8,1028,16,0.0,908
v8,v0_expansion,1029,16,1.0,1741
v0_expansion,v8,1030,16,0.0,839
v8,v0_expansion,1031,16,1.0,573
v0_expansion,v9,1032,16,0.0,4000
v9,v0_expansion,1033,16,1.0,415
v0_expansion,v9,1034,16,0.0,1896
v9,v0_expansion,1035,16,1.0,634
v0_expansion,v10,1036,16,0.0,2860
v10,v0_expansion,1037,16,1.0,594
v0_expansion,v10,1038,16,0.0,1075
v10,v0_expansion,1039,16,0.0,838
v0_expansion,v11,1040,16,1.0,2487
v11,v0_expansion,1041,16,0.0,3458
v0_expansion,v11,1042,16,1.0,1061
v11,v0_expansion,1043,16,0.0,2611
v0_expansion,v12,1044,16,0.0,1448
v12,v0_expansion,1045,16,1.0,891
v0_expansion,v12,1046,16,0.0,1143
v12,v0_expansion,1047,16,1.0,664
v1_knapsack,v1_knapsack_hybrid,1048,16,0.0,4000
v1_knapsack_hybrid,v1_knapsack,1049,16,0.0,4000
v1_knapsack,v1_knapsack_hybrid,1050,16,1.0,4000
v1_knapsack_hybrid,v1_knapsack,1051,16,0.0,4000
v1_knapsack,v4,1052,16,0.0,1056
v4,v1_knapsack,1053,16,1.0,4000
v1_knapsack,v4,1054,16,0.0,1715
v4,v1_knapsack,1055,16,1.0,4000
v1_knapsack,v5_qubo,1056,16,0.0,702
v5_qubo,v1_knapsack,1057,16,1.0,4000
v1_knapsack,v5_qubo,1058,16,0.0,965
v5_qubo,v1_knapsack,1059,16,1.0,4000
v1_knapsack,v5_qubo_composite,1060,16,0.0,4000
v5_qubo_composite,v1_knapsack,1061,16,1.0,4000
v1_knapsack,v5_qubo_composite,1062,16,0.0,4000
v5_qubo_composite,v1_knapsack,1063,16,1.0,4000
v1_knapsack,v6,1064,16,0.0,1266
v6,v1_knapsack,1065,16,1.0,4000
v1_knapsack,v6,1066,16,0.0,4000
v6,v1_knapsack,1067,16,1.0,4000
v1_knapsack,v7,1068,16,0.0,4000
v7,v1_knapsack,1069,16,1.0,931
v1_knapsack,v7,1070,16,0.0,827
v7,v1_knapsack,1071,16,1.0,4000
v1_knapsack,v8,1072,16,0.0,1188
v8,v1_knapsack,1073,16,1.0,889
v1_knapsack,v8,1074,16,0.0,994
v8,v1_knapsack,1075,16,1.0,4000
v1_knapsack,v9,1076,16,0.0,4974
v9,v1_knapsack,1077,16,1.0,2503
v1_knapsack,v9,1078,16,0.0,1355
v9,v1_knapsack,1079,16,1.0,1058
v1_knapsack,v10,1080,16,0.0,4000
v10,v1_knapsack,1081,16,1.0,4000
v1_knapsack,v10,1082,16,0.0,1671
v10,v1_knapsack,1083,16,1.0,970
v1_knapsack,v11,1084,16,0.0,4000
v11,v1_knapsack,1085,16,1.0,4000
v1_knapsack,v11,1086,16,0.0,4000
v11,v1_knapsack,1087,16,1.0,4000
v1_knapsack,v12,1088,16,0.0,4000
v12,v1_knapsack,1089,16,1.0,565
v1_knapsack,v12,1090,16,0.0,1235
v12,v1_knapsack,1091,16,1.0,627
v1_knapsack_hybrid,v4,1092,16,0.0,4000
v4,v1_knapsack_hybrid,1093,16,1.0,4000
v1_knapsack_hybrid,v4,1094,16,0.0,834
v4,v1_knapsack_hybrid,1095,16,1.0,4000
v1_knapsack_hybrid,v5_qubo,1096,16,0.0,837
v5_qubo,v1_knapsack_hybrid,1097,16,1.0,4000
v1_knapsack_hybrid,v5_qubo,1098,16,0.0,4000
v5_qubo,v1_knapsack_hybrid,1099,16,1.0,4000
v1_knapsack_hybrid,v5_qubo_composite,1100,16,0.0,4000
v5_qubo_composite,v1_knapsack_hybrid,1101,16,1.0,4000
v1_knapsack_hybrid,v5_qubo_composite,1102,16,0.0,4000
v5_qubo_composite,v1_knapsack_hybrid,1103,16,1.0,1083
v1_knapsack_hybrid,v6,1104,16,0.0,1116
v6,v1_knapsack_hybrid,1105,16,1.0,4000
v1_knapsack_hybrid,v6,1106,16,0.0,4000
v6,v1_knapsack_hybrid,1107,16,1.0,4000
v1_knapsack_hybrid,v7,1108,16,0.0,4000
v7,v1_knapsack_hybrid,1109,16,1.0,4000
v1_knapsack_hybrid,v7,1110,16,0.0,897
v7,v1_knapsack_hybrid,1111,16,1.0,4000
v1_knapsack_hybrid,v8,1112,16,0.0,1213
v8,v1_knapsack_hybrid,1113,16,1.0,4000
v1_knapsack_hybrid,v8,1114,16,0.0,808
v8,v1_knapsack_hybrid,1115,16,1.0,658
v1_knapsack_hybrid,v9,1116,16,0.0,4000
v9,v1_knapsack_hybrid,1117,16,1.0,397
v1_knapsack_hybrid,v9,1118,16,0.0,3348
v9,v1_knapsack_hybrid,1119,16,1.0,589
v1_knapsack_hybrid,v10,1120,16,0.0,3790
v10,v1_knapsack_hybrid,1121,16,1.0,4000
v1_knapsack_hybrid,v10,1122,16,0.0,2089
v10,v1_knapsack_hybrid,1123,16,1.0,1085
v1_knapsack_hybrid,v11,1124,16,0.0,4000
v11,v1_knapsack_hybrid,1125,16,1.0,4000
v1_knapsack_hybrid,v11,1126,16,0.0,4000
v11,v1_knapsack_hybrid,1127,16,1.0,4000
v1_knapsack_hybrid,v12,1128,16,0.0,1108
v12,v1_knapsack_hybrid,1129,16,1.0,607
v1_knapsack_hybrid,v12,1130,16,0.0,1513
v12,v1_knapsack_hybrid,1131,16,1.0,459
v4,v5_qubo,1132,16,0.0,731
v5_qubo,v4,1133,16,0.0,744
v4,v5_qubo,1134,16,1.0,922
v5_qubo,v4,1135,16,1.0,997
v4,v5_qubo_composite,1136,16,1.0,1246
v5_qubo_composite,v4,1137,16,1.0,799
v4,v5_qubo_composite,1138,16,0.0,880
v5_qubo_composite,v4,1139,16,0.0,1106
v4,v6,1140,16,0.0,992
v6,v4,1141,16,1.0,874
v4,v6,1142,16,0.0,868
v6,v4,1143,16,0.0,839
v4,v7,1144,16,0.0,781
v7,v4,1145,16,1.0,944
v4,v7,1146,16,0.0,1165
v7,v4,1147,16,1.0,875
v4,v8,1148,16,0.0,807
v8,v4,1149,16,1.0,573
v4,v8,1150,16,0.0,710
v8,v4,1151,16,1.0,622
v4,v9,1152,16,0.0,4000
v9,v4,1153,16,1.0,675
v4,v9,1154,16,0.0,4000
v9,v4,1155,16,1.0,2541
v4,v10,1156,16,0.0,4000
v10,v4,1157,16,0.0,1090
v4,v10,1158,16,0.0,4000
v10,v4,1159,16,0.0,1269
v4,v11,1160,16,1.0,972
v11,v4,1161,16,0.0,960
v4,v11,1162,16,1.0,1098
v11,v4,1163,16,0.0,892
v4,v12,1164,16,0.0,1100
v12,v4,1165,16,0.0,859
v4,v12,1166,16,0.0,4000
v12,v4,1167,16,1.0,833
v5_qubo,v5_qubo_composite,1168,16,1.0,742
v5_qubo_composite,v5_qubo,1169,16,0.0,993
v5_qubo,v5_qubo_composite,1170,16,0.0,780
v5_qubo_composite,v5_qubo,1171,16,0.0,741
v5_qubo,v6,1172,16,0.0,955
v6,v5_qubo,1173,16,1.0,858
v5_qubo,v6,1174,16,0.0,869
v6,v5_qubo,1175,16,0.0,874
v5_qubo,v7,1176,16,0.0,765
v7,v5_qubo,1177,16,1.0,749
v5_qubo,v7,1178,16,0.0,1029
v7,v5_qubo,1179,16,1.0,901
v5_qubo,v8,1180,16,0.0,549
v8,v5_qubo,1181,16,1.0,648
v5_qubo,v8,1182,16,0.0,629
v8,v5_qubo,1183,16,1.0,760
v5_qubo,v9,1184,16,0.0,4000
v9,v5_qubo,1185,16,1.0,621
v5_qubo,v9,1186,16,0.0,4000
v9,v5_qubo,1187,16,0.0,1267
v5_qubo,v10,1188,16,0.0,1859
v10,v5_qubo,1189,16,0.0,1133
v5_qubo,v10,1190,16,0.0,4000
v10,v5_qubo,1191,16,1.0,1181
v5_qubo,v11,1192,16,1.0,1011
v11,v5_qubo,1193,16,0.0,1064
v5_qubo,v11,1194,16,1.0,1250
v11,v5_qubo,1195,16,0.0,866
v5_qubo,v12,1196,16,0.0,1514
v12,v5_qubo,1197,16,0.0,1511
v5_qubo,v12,1198,16,0.0,1010
v12,v5_qubo,1199,16,1.0,1430
v5_qubo_composite,v6,1200,16,0.0,1079
v6,v5_qubo_composite,1201,16,1.0,746
v5_qubo_composite,v6,1202,16,0.0,1095
v6,v5_qubo_composite,1203,16,0.0,828
v5_qubo_composite,v7,1204,16,0.0,839
v7,v5_qubo_composite,1205,16,1.0,717
v5_qubo_composite,v7,1206,16,0.0,910
v7,v5_qubo_composite,1207,16,1.0,1037
v5_qubo_composite,v8,1208,16,0.0,836
v8,v5_qubo_composite,1209,16,1.0,615
v5_qubo_composite,v8,1210,16,0.0,672
v8,v5_qubo_composite,1211,16,1.0,631
v5_qubo_composite,v9,1212,16,0.0,4000
v9,v5_qubo_composite,1213,16,1.0,681
v5_qubo_composite,v9,1214,16,0.0,1624
v9,v5_qubo_composite,1215,16,1.0,696
v5_qubo_composite,v10,1216,16,0.0,4000
v10,v5_qubo_composite,1217,16,1.0,582
v5_qubo_composite,v10,1218,16,0.0,1202
v10,v5_qubo_composite,1219,16,1.0,969
v5_qubo_composite,v11,1220,16,1.0,732
v11,v5_qubo_composite,1221,16,0.0,866
v5_qubo_composite,v11,1222,16,1.0,792
v11,v5_qubo_composite,1223,16,0.0,910
v5_qubo_composite,v12,1224,16,0.0,1154
v12,v5_qubo_composite,1225,16,0.0,1447
v5_qubo_composite,v12,1226,16,0.0,823
v12,v5_qubo_composite,1227,16,0.0,2058
v6,v7,1228,16,0.0,835
v7,v6,1229,16,1.0,941
v6,v7,1230,16,0.0,825
v7,v6,1231,16,0.0,1152
v6,v8,1232,16,0.0,934
v8,v6,1233,16,1.0,616
v6,v8,1234,16,0.0,1283
v8,v6,1235,16,1.0,692
v6,v9,1236,16,0.0,4000
v9,v6,1237,16,1.0,4000
v6,v9,1238,16,0.0,1636
v9,v6,1239,16,0.0,1718
v6,v10,1240,16,0.0,1357
v10,v6,1241,16,0.0,1427
v6,v10,1242,16,0.0,999
v10,v6,1243,16,0.0,1096
v6,v11,1244,16,1.0,1082
v11,v6,1245,16,0.0,1029
v6,v11,1246,16,1.0,1176
v11,v6,1247,16,0.0,1084
v6,v12,1248,16,0.0,1512
v12,v6,1249,16,1.0,1377
v6,v12,1250,16,0.0,1151
v12,v6,1251,16,0.0,1163
v7,v8,1252,16,0.0,871
v8,v7,1253,16,1.0,573
v7,v8,1254,16,0.0,728
v8,v7,1255,16,1.0,706
v7,v9,1256,16,0.0,2281
v9,v7,1257,16,0.0,1406
v7,v9,1258,16,0.0,1101
v9,v7,1259,16,1.0,1166
v7,v10,1260,16,0.0,2931
v10,v7,1261,16,0.0,1119
v7,v10,1262,16,0.0,1025
v10,v7,1263,16,0.0,1008
v7,v11,1264,16,1.0,801
v11,v7,1265,16,0.0,1011
v7,v11,1266,16,1.0,775
v11,v7,1267,16,0.0,1281
v7,v12,1268,16,0.0,1270
v12,v7,1269,16,0.0,4070
v7,v12,1270,16,0.0,1750
v12,v7,1271,16,1.0,4000
v8,v9,1272,16,0.0,4000
v9,v8,1273,16,0.0,3993
v8,v9,1274,16,0.0,4000
v9,v8,1275,16,1.0,820
v8,v10,1276,16,1.0,977
v10,v8,1277,16,0.0,761
v8,v10,1278,16,0.0,1157
v10,v8,1279,16,0.0,1279
v8,v11,1280,16,1.0,709
v11,v8,1281,16,0.0,643
v8,v11,1282,16,1.0,715
v11,v8,1283,16,0.0,673
v8,v12,1284,16,0.0,2955
v12,v8,1285,16,0.0,705
v8,v12,1286,16,1.0,2636
v12,v8,1287,16,0.0,920
v9,v10,1288,16,1.0,1005
v10,v9,1289,16,0.0,4000
v9,v10,1290,16,1.0,1084
v10,v9,1291,16,0.0,4000
v9,v11,1292,16,1.0,1299
v11,v9,1293,16,0.0,2190
v9,v11,1294,16,1.0,776
v11,v9,1295,16,0.0,4000
v9,v12,1296,16,0.0,2039
v12,v9,1297,16,0.0,4000
v9,v12,1298,16,0.0,958
v12,v9,1299,16,1.0,1445
v10,v11,1300,16,1.0,2350
v11,v10,1301,16,0.0,4000
v10,v11,1302,16,1.0,1384
v11,v10,1303,16,0.0,1779
v10,v12,1304,16,0.0,1060
v12,v10,1305,16,0.0,4000
v10,v12,1306,16,0.0,1730
v12,v10,1307,16,0.0,4000
v11,v12,1308,16,0.0,4000
v12,v11,1309,16,1.0,745
v11,v12,1310,16,0.0,1413
v12,v11,1311,16,1.0,775
